{
  "Total" : {
    "transaction" : "Total",
    "sampleCount" : 100,
    "errorCount" : 0,
    "errorPct" : 0.0,
    "meanResTime" : 619.8400000000001,
    "medianResTime" : 169.0,
    "minResTime" : 119.0,
    "maxResTime" : 2954.0,
    "pct1ResTime" : 2228.7000000000003,
    "pct2ResTime" : 2765.149999999998,
    "pct3ResTime" : 2953.6,
    "throughput" : 10.287007509515483,
    "receivedKBytesPerSec" : 2253.43640298709,
    "sentKBytesPerSec" : 1.9689975311181978
  },
  "HTTP Request" : {
    "transaction" : "HTTP Request",
    "sampleCount" : 100,
    "errorCount" : 0,
    "errorPct" : 0.0,
    "meanResTime" : 619.8400000000001,
    "medianResTime" : 169.0,
    "minResTime" : 119.0,
    "maxResTime" : 2954.0,
    "pct1ResTime" : 2228.7000000000003,
    "pct2ResTime" : 2765.149999999998,
    "pct3ResTime" : 2953.6,
    "throughput" : 10.287007509515483,
    "receivedKBytesPerSec" : 2253.43640298709,
    "sentKBytesPerSec" : 1.9689975311181978
  }
}