{
  "HTTP Request-3" : {
    "transaction" : "HTTP Request-3",
    "sampleCount" : 507,
    "errorCount" : 0,
    "errorPct" : 0.0,
    "meanResTime" : 456.8027613412229,
    "medianResTime" : 435.0,
    "minResTime" : 105.0,
    "maxResTime" : 3846.0,
    "pct1ResTime" : 557.2,
    "pct2ResTime" : 583.1999999999999,
    "pct3ResTime" : 1104.760000000002,
    "throughput" : 34.590980418912466,
    "receivedKBytesPerSec" : 84.4246509773487,
    "sentKBytesPerSec" : 6.620929845807464
  },
  "HTTP Request-16" : {
    "transaction" : "HTTP Request-16",
    "sampleCount" : 507,
    "errorCount" : 0,
    "errorPct" : 0.0,
    "meanResTime" : 59.587771203155846,
    "medianResTime" : 53.0,
    "minResTime" : 49.0,
    "maxResTime" : 209.0,
    "pct1ResTime" : 73.0,
    "pct2ResTime" : 108.59999999999997,
    "pct3ResTime" : 157.4400000000001,
    "throughput" : 39.14151161892998,
    "receivedKBytesPerSec" : 38.91216682428781,
    "sentKBytesPerSec" : 13.034429162163207
  },
  "HTTP Request-2" : {
    "transaction" : "HTTP Request-2",
    "sampleCount" : 507,
    "errorCount" : 0,
    "errorPct" : 0.0,
    "meanResTime" : 493.82248520710016,
    "medianResTime" : 442.0,
    "minResTime" : 263.0,
    "maxResTime" : 3786.0,
    "pct1ResTime" : 585.8,
    "pct2ResTime" : 816.5999999999977,
    "pct3ResTime" : 2808.3200000000134,
    "throughput" : 33.25462416371507,
    "receivedKBytesPerSec" : 77.65362892316017,
    "sentKBytesPerSec" : 13.15246365850059
  },
  "HTTP Request-15" : {
    "transaction" : "HTTP Request-15",
    "sampleCount" : 507,
    "errorCount" : 0,
    "errorPct" : 0.0,
    "meanResTime" : 417.5996055226827,
    "medianResTime" : 419.0,
    "minResTime" : 261.0,
    "maxResTime" : 615.0,
    "pct1ResTime" : 542.0,
    "pct2ResTime" : 559.0,
    "pct3ResTime" : 594.84,
    "throughput" : 37.83582089552239,
    "receivedKBytesPerSec" : 92.34433302238806,
    "sentKBytesPerSec" : 7.242012593283582
  },
  "HTTP Request-5" : {
    "transaction" : "HTTP Request-5",
    "sampleCount" : 507,
    "errorCount" : 0,
    "errorPct" : 0.0,
    "meanResTime" : 433.4043392504931,
    "medianResTime" : 429.0,
    "minResTime" : 265.0,
    "maxResTime" : 1803.0,
    "pct1ResTime" : 543.4,
    "pct2ResTime" : 562.0,
    "pct3ResTime" : 823.7600000000009,
    "throughput" : 37.68115942028986,
    "receivedKBytesPerSec" : 87.99397877183203,
    "sentKBytesPerSec" : 14.90319293478261
  },
  "HTTP Request-14" : {
    "transaction" : "HTTP Request-14",
    "sampleCount" : 507,
    "errorCount" : 0,
    "errorPct" : 0.0,
    "meanResTime" : 417.49506903353097,
    "medianResTime" : 421.0,
    "minResTime" : 257.0,
    "maxResTime" : 627.0,
    "pct1ResTime" : 535.2,
    "pct2ResTime" : 553.0,
    "pct3ResTime" : 590.9200000000001,
    "throughput" : 38.134637081609625,
    "receivedKBytesPerSec" : 89.05096782154945,
    "sentKBytesPerSec" : 15.082546892628807
  },
  "HTTP Request-4" : {
    "transaction" : "HTTP Request-4",
    "sampleCount" : 507,
    "errorCount" : 0,
    "errorPct" : 0.0,
    "meanResTime" : 104.13017751479296,
    "medianResTime" : 57.0,
    "minResTime" : 49.0,
    "maxResTime" : 3372.0,
    "pct1ResTime" : 114.19999999999999,
    "pct2ResTime" : 233.0,
    "pct3ResTime" : 835.6800000000009,
    "throughput" : 36.17294520547945,
    "receivedKBytesPerSec" : 35.9609943546661,
    "sentKBytesPerSec" : 12.045873354559076
  },
  "HTTP Request-13" : {
    "transaction" : "HTTP Request-13",
    "sampleCount" : 507,
    "errorCount" : 0,
    "errorPct" : 0.0,
    "meanResTime" : 60.9723865877712,
    "medianResTime" : 53.0,
    "minResTime" : 49.0,
    "maxResTime" : 166.0,
    "pct1ResTime" : 84.0,
    "pct2ResTime" : 108.59999999999997,
    "pct3ResTime" : 129.92000000000002,
    "throughput" : 39.360298113500505,
    "receivedKBytesPerSec" : 39.12967136674171,
    "sentKBytesPerSec" : 13.10728677412468
  },
  "HTTP Request-19" : {
    "transaction" : "HTTP Request-19",
    "sampleCount" : 507,
    "errorCount" : 0,
    "errorPct" : 0.0,
    "meanResTime" : 58.37278106508875,
    "medianResTime" : 52.0,
    "minResTime" : 49.0,
    "maxResTime" : 174.0,
    "pct1ResTime" : 77.0,
    "pct2ResTime" : 101.99999999999983,
    "pct3ResTime" : 138.0,
    "throughput" : 38.722981745971126,
    "receivedKBytesPerSec" : 38.49608927480333,
    "sentKBytesPerSec" : 12.895055444703276
  },
  "HTTP Request-1" : {
    "transaction" : "HTTP Request-1",
    "sampleCount" : 507,
    "errorCount" : 0,
    "errorPct" : 0.0,
    "meanResTime" : 1949.901380670611,
    "medianResTime" : 1273.0,
    "minResTime" : 165.0,
    "maxResTime" : 15394.0,
    "pct1ResTime" : 3908.0,
    "pct2ResTime" : 4611.999999999998,
    "pct3ResTime" : 14641.920000000126,
    "throughput" : 30.46508833072948,
    "receivedKBytesPerSec" : 30.28658195379161,
    "sentKBytesPerSec" : 10.145112422635501
  },
  "HTTP Request-18" : {
    "transaction" : "HTTP Request-18",
    "sampleCount" : 507,
    "errorCount" : 0,
    "errorPct" : 0.0,
    "meanResTime" : 419.0138067061146,
    "medianResTime" : 421.0,
    "minResTime" : 138.0,
    "maxResTime" : 620.0,
    "pct1ResTime" : 538.2,
    "pct2ResTime" : 550.5999999999999,
    "pct3ResTime" : 580.0,
    "throughput" : 37.65037873162038,
    "receivedKBytesPerSec" : 91.89151439272985,
    "sentKBytesPerSec" : 7.206517804099213
  },
  "HTTP Request-0" : {
    "transaction" : "HTTP Request-0",
    "sampleCount" : 507,
    "errorCount" : 0,
    "errorPct" : 0.0,
    "meanResTime" : 6163.384615384621,
    "medianResTime" : 5738.0,
    "minResTime" : 795.0,
    "maxResTime" : 15879.0,
    "pct1ResTime" : 8838.8,
    "pct2ResTime" : 15551.399999999998,
    "pct3ResTime" : 15822.04,
    "throughput" : 26.832495369145278,
    "receivedKBytesPerSec" : 65.48979558084149,
    "sentKBytesPerSec" : 5.135907316750464
  },
  "HTTP Request-17" : {
    "transaction" : "HTTP Request-17",
    "sampleCount" : 507,
    "errorCount" : 0,
    "errorPct" : 0.0,
    "meanResTime" : 423.29585798816555,
    "medianResTime" : 423.0,
    "minResTime" : 100.0,
    "maxResTime" : 627.0,
    "pct1ResTime" : 537.0,
    "pct2ResTime" : 554.0,
    "pct3ResTime" : 569.6000000000001,
    "throughput" : 38.15185491760102,
    "receivedKBytesPerSec" : 89.09212976898186,
    "sentKBytesPerSec" : 15.08935668127775
  },
  "HTTP Request-12" : {
    "transaction" : "HTTP Request-12",
    "sampleCount" : 507,
    "errorCount" : 0,
    "errorPct" : 0.0,
    "meanResTime" : 423.3688362919135,
    "medianResTime" : 410.0,
    "minResTime" : 227.0,
    "maxResTime" : 5020.0,
    "pct1ResTime" : 537.0,
    "pct2ResTime" : 552.0,
    "pct3ResTime" : 577.76,
    "throughput" : 38.18346136466335,
    "receivedKBytesPerSec" : 93.19140742675854,
    "sentKBytesPerSec" : 7.308553151830095
  },
  "HTTP Request-11" : {
    "transaction" : "HTTP Request-11",
    "sampleCount" : 507,
    "errorCount" : 0,
    "errorPct" : 0.0,
    "meanResTime" : 419.3589743589745,
    "medianResTime" : 421.0,
    "minResTime" : 261.0,
    "maxResTime" : 617.0,
    "pct1ResTime" : 537.0,
    "pct2ResTime" : 555.0,
    "pct3ResTime" : 586.76,
    "throughput" : 38.25260298777727,
    "receivedKBytesPerSec" : 89.32931214161763,
    "sentKBytesPerSec" : 15.129203330126755
  },
  "HTTP Request-10" : {
    "transaction" : "HTTP Request-10",
    "sampleCount" : 507,
    "errorCount" : 0,
    "errorPct" : 0.0,
    "meanResTime" : 64.11439842209067,
    "medianResTime" : 55.0,
    "minResTime" : 49.0,
    "maxResTime" : 1158.0,
    "pct1ResTime" : 76.0,
    "pct2ResTime" : 97.19999999999993,
    "pct3ResTime" : 134.76000000000005,
    "throughput" : 39.114334207684,
    "receivedKBytesPerSec" : 38.88514865568585,
    "sentKBytesPerSec" : 13.02537887189477
  },
  "HTTP Request-21" : {
    "transaction" : "HTTP Request-21",
    "sampleCount" : 507,
    "errorCount" : 507,
    "errorPct" : 100.0,
    "meanResTime" : 419.3175542406315,
    "medianResTime" : 422.0,
    "minResTime" : 262.0,
    "maxResTime" : 623.0,